{"cameraMode":{"drawMode":0,"name":"Shaded","section":"Shading Mode"},"sceneLighting":true,"audioPlay":false,"sceneViewState":{"showFog":false,"showMaterialUpdate":false,"showSkybox":false,"showFlares":false,"showImageEffects":false,"showParticleSystems":false},"in2DMode":false,"pivot":{"x":-39.98699951171875,"y":2.450000047683716,"z":12.5},"rotation":{"x":-0.004209722857922316,"y":-0.007254114840179682,"z":-0.00018450437346473336,"w":-1.0005311965942383},"size":5.373308181762695,"orthographic":false}